id,y_pred
0,0.6394
1,0.025
2,0.275
3,0.2232
4,0.7365
5,0.6767
6,0.8922
7,0.0869
8,0.4219
9,0.0298
10,0.2186
11,0.5054
12,0.0265
13,0.1988
14,0.6499
15,0.5449
16,0.2204
17,0.5893
18,0.8094
19,0.0065
20,0.8058
21,0.6981
22,0.3403
23,0.1555
24,0.9572
25,0.3366
26,0.0927
27,0.0967
28,0.8475
29,0.6037
30,0.8071
31,0.7297
32,0.5362
33,0.9731
34,0.3785
35,0.552
36,0.8294
37,0.6185
38,0.8617
39,0.5774
40,0.7046
41,0.0458
42,0.2279
43,0.2894
44,0.0798
45,0.2328
46,0.101
47,0.278
48,0.6357
49,0.3648
50,0.3702
51,0.2095
52,0.267
53,0.9367
54,0.648
55,0.6091
56,0.1711
57,0.7291
58,0.1634
59,0.3795
60,0.9895
61,0.64
62,0.5569
63,0.6846
64,0.8429
65,0.776
66,0.229
67,0.0321
68,0.3155
69,0.2677
70,0.211
71,0.9429
72,0.8764
73,0.3147
74,0.6554
75,0.3956
76,0.9145
77,0.4589
78,0.2649
79,0.2466
80,0.5614
81,0.2627
82,0.5846
83,0.8978
84,0.3994
85,0.2193
86,0.9975
87,0.5095
88,0.0909
89,0.0471
90,0.1096
91,0.6274
92,0.7921
93,0.4222
94,0.0635
95,0.3816
96,0.9961
97,0.5291
98,0.9711
99,0.8608
100,0.0115
101,0.7207
102,0.6817
103,0.537
104,0.2668
105,0.641
106,0.1116
107,0.4348
108,0.4537
109,0.9538
110,0.8759
111,0.2634
112,0.5006
113,0.1787
114,0.9126
115,0.8705
116,0.2984
117,0.6389
118,0.609
119,0.1528
120,0.7625
121,0.5394
122,0.7786
123,0.5304
124,0.0006
125,0.3242
126,0.0195
127,0.9291
128,0.8787
129,0.8317
130,0.3075
131,0.0579
132,0.878
133,0.9469
134,0.0857
135,0.486
136,0.0692
137,0.7606
138,0.7658
139,0.1284
140,0.4753
141,0.5498
142,0.2651
143,0.8724
144,0.4231
145,0.2118
146,0.5393
147,0.7299
148,0.2012
149,0.3117
150,0.9951
151,0.6499
152,0.4381
153,0.5176
154,0.121
155,0.2247
156,0.3381
157,0.5883
158,0.2301
159,0.2202
160,0.071
161,0.6311
162,0.2289
163,0.9054
164,0.8596
165,0.0709
166,0.238
167,0.669
168,0.2142
169,0.1323
170,0.9355
171,0.571
172,0.4727
173,0.7846
174,0.8075
175,0.1904
176,0.0969
177,0.4311
178,0.4236
179,0.467
180,0.7291
181,0.6734
182,0.9842
183,0.0984
184,0.4026
185,0.3393
186,0.8617
187,0.2487
188,0.1902
189,0.4486
190,0.4219
191,0.2785
192,0.2498
193,0.9233
194,0.4431
195,0.8613
196,0.5503
197,0.0506
198,0.9993
199,0.836
200,0.969
201,0.9264
202,0.8487
203,0.1663
204,0.4856
205,0.2137
206,0.401
207,0.0586
208,0.379
209,0.9853
210,0.2652
211,0.7841
212,0.455
213,0.423
214,0.9573
215,0.9954
216,0.5558
217,0.7184
218,0.1548
219,0.2967
220,0.9687
221,0.5792
222,0.5422
223,0.748
224,0.0572
225,0.5842
226,0.5029
227,0.8527
228,0.1574
229,0.9608
230,0.0801
231,0.1858
232,0.595
233,0.6752
234,0.2352
235,0.1199
236,0.8903
237,0.2462
238,0.5945
239,0.6194
240,0.4192
241,0.5837
242,0.5228
243,0.9347
244,0.2043
245,0.7162
246,0.2387
247,0.3958
248,0.6717
249,0.3
250,0.3162
251,0.7519
252,0.0725
253,0.4583
254,0.9985
255,0.9961
256,0.0733
257,0.2132
258,0.2652
259,0.9333
260,0.8809
261,0.8793
262,0.3695
263,0.1577
264,0.8337
265,0.7035
266,0.6117
267,0.9872
268,0.654
269,0.0078
270,0.8171
271,0.2994
272,0.6634
273,0.9389
274,0.1343
275,0.1154
276,0.107
277,0.5532
278,0.2723
279,0.6048
280,0.7176
281,0.2036
282,0.6342
283,0.264
284,0.4885
285,0.9053
286,0.8461
287,0.0923
288,0.4236
289,0.2767
290,0.0035
291,0.7711
292,0.6371
293,0.262
294,0.7412
295,0.5517
296,0.4277
297,0.0097
298,0.0752
299,0.8831
300,0.9039
301,0.5456
302,0.8346
303,0.5825
304,0.1481
305,0.1274
306,0.3083
307,0.899
308,0.7961
309,0.8607
310,0.8989
311,0.2101
312,0.2495
313,0.1028
314,0.7801
315,0.8841
316,0.4064
317,0.6207
318,0.1546
319,0.9299
320,0.8646
321,0.9762
322,0.8108
323,0.8814
324,0.0248
325,0.7366
326,0.3322
327,0.9308
328,0.8022
329,0.8641
330,0.8107
331,0.2668
332,0.7874
333,0.1081
334,0.8722
335,0.8586
336,0.2224
337,0.8166
338,0.4603
339,0.3052
340,0.7953
341,0.2276
342,0.0237
343,0.1931
344,0.3283
345,0.8644
346,0.9669
347,0.2791
348,0.6415
349,0.3997
350,0.9811
351,0.5362
352,0.9392
353,0.1153
354,0.9704
355,0.1786
356,0.9625
357,0.2655
358,0.1084
359,0.4346
360,0.7285
361,0.3137
362,0.6062
363,0.5114
364,0.3852
365,0.5766
366,0.2547
367,0.7088
368,0.0017
369,0.9256
370,0.5385
371,0.7194
372,0.742
373,0.6706
374,0.3642
375,0.07
376,0.6642
377,0.3302
378,0.3139
379,0.848
380,0.7198
381,0.3003
382,0.3093
383,0.4084
384,0.4024
385,0.2957
386,0.1273
387,0.4204
388,0.9404
389,0.6773
390,0.9028
391,0.6155
392,0.3009
393,0.5479
394,0.0004
395,0.2869
396,0.4299
397,0.58
398,0.6547
399,0.465
400,0.4422
401,0.2137
402,0.4732
403,0.9012
404,0.796
405,0.1697
406,0.0848
407,0.5155
408,0.6329
409,0.3352
410,0.8184
411,0.7511
412,0.6728
413,0.2246
414,0.1991
415,0.0244
416,0.2448
417,0.4751
418,0.8497
419,0.0728
420,0.4144
421,0.6298
422,0.1944
423,0.6964
424,0.4944
425,0.244
426,0.6561
427,0.0055
428,0.751
429,0.77
430,0.1066
431,0.4251
432,0.1759
433,0.958
434,0.518
435,0.0502
436,0.2492
437,0.8483
438,0.4565
439,0.8014
440,0.6676
441,0.9879
442,0.5955
443,0.95
444,0.8914
445,0.6127
446,0.7193
447,0.5048
448,0.8306
449,0.5479
450,0.8972
451,0.7437
452,0.4747
453,0.2592
454,0.2472
455,0.6377
456,0.7658
457,0.5213
458,0.6267
459,0.2746
460,0.0775
461,0.2857
462,0.2717
463,0.3197
464,0.5402
465,0.1384
466,0.2313
467,0.6939
468,0.7064
469,0.0642
470,0.4076
471,0.5426
472,0.4158
473,0.2068
474,0.4201
475,0.9048
476,0.5841
477,0.6955
478,0.8567
479,0.7656
480,0.3804
481,0.0059
482,0.3518
483,0.7535
484,0.8534
485,0.9534
486,0.419
487,0.7475
488,0.5461
489,0.6033
490,0.2205
491,0.2194
492,0.4358
493,0.029
494,0.3361
495,0.6791
496,0.4043
497,0.165
498,0.4674
499,0.1276
500,0.6223
501,0.027
502,0.394
503,0.5644
504,0.0271
505,0.6427
506,0.1357
507,0.4617
508,0.0503
509,0.3791
510,0.2117
511,0.3268
512,0.7612
513,0.3791
514,0.752
515,0.8319
516,0.2523
517,0.0819
518,0.0194
519,0.5394
520,0.9999
521,0.35
522,0.6501
523,0.7812
524,0.6518
525,0.7542
526,0.9496
527,0.1994
528,0.0204
529,0.1524
530,0.1262
531,0.6695
532,0.564
533,0.218
534,0.6995
535,0.7669
536,0.1678
537,0.6072
538,0.7479
539,0.1145
540,0.8193
541,0.9647
542,0.1081
543,0.0257
544,0.312
545,0.6773
546,0.9582
547,0.3967
548,0.715
549,0.076
550,0.6906
551,0.6272
552,0.1019
553,0.7725
554,0.8503
555,0.6004
556,0.1211
557,0.9838
558,0.7826
559,0.3472
560,0.4284
561,0.3706
562,0.506
563,0.3412
564,0.8496
565,0.8223
566,0.1055
567,0.9608
568,0.6356
569,0.8287
570,0.7073
571,0.4355
572,0.7338
573,0.9655
574,0.2701
575,0.8082
576,0.5382
577,0.4835
578,0.4356
579,0.731
580,0.2684
581,0.8517
582,0.8307
583,0.0867
584,0.8816
585,0.2439
586,0.4647
587,0.6103
588,0.379
589,0.0287
590,0.851
591,0.1818
592,0.2121
593,0.7978
594,0.3403
595,0.8803
596,0.7012
597,0.2763
598,0.0102
599,0.9481
600,0.0856
601,0.7201
602,0.4886
603,0.7582
604,0.6906
605,0.6459
606,0.4908
607,0.7929
608,0.0931
609,0.2216
610,0.6918
611,0.3062
612,0.5816
613,0.4733
614,0.5309
615,0.4255
616,0.7459
617,0.3308
618,0.7029
619,0.2709
620,0.2514
621,0.1207
622,0.1926
623,0.1196
624,0.5359
625,0.7622
626,0.1851
627,0.2164
628,0.4842
629,0.7246
630,0.9766
631,0.5246
632,0.283
633,0.1005
634,0.1941
635,0.2275
636,0.1794
637,0.0141
638,0.5341
639,0.2743
640,0.9743
641,0.5534
642,0.6974
643,0.1263
644,0.8685
645,0.4909
646,0.8727
647,0.5741
648,0.4694
649,0.4405
650,0.1844
651,0.0514
652,0.9411
653,0.4777
654,0.8221
655,0.4007
656,0.0741
657,0.6294
658,0.0536
659,0.1492
660,0.5628
661,0.3038
662,0.9939
663,0.1185
664,0.7644
665,0.6063
666,0.7907
667,0.2257
668,0.5226
669,0.4505
670,0.4427
671,0.8602
672,0.99
673,0.3054
674,0.621
675,0.6096
676,0.7401
677,0.9476
678,0.2078
679,0.211
680,0.6604
681,0.1571
682,0.1738
683,0.0751
684,0.0027
685,0.4505
686,0.5938
687,0.2913
688,0.2315
689,0.707
690,0.703
691,0.454
692,0.6874
693,0.9239
694,0.7878
695,0.6251
696,0.6612
697,0.9337
698,0.4251
699,0.5446
700,0.6476
701,0.9084
702,0.8266
703,0.0714
704,0.1659
705,0.3076
706,0.749
707,0.5692
708,0.2886
709,0.1244
710,0.6887
711,0.6997
712,0.9427
713,0.5005
714,0.4938
715,0.0804
716,0.0399
717,0.432
718,0.3223
719,0.2504
720,0.0913
721,0.9619
722,0.836
723,0.5752
724,0.9508
725,0.9996
726,0.6723
727,0.2695
728,0.0402
729,0.7563
730,0.4705
731,0.6515
732,0.9161
733,0.1815
734,0.5853
735,0.6348
736,0.4917
737,0.0912
738,0.348
739,0.3333
740,0.6701
741,0.8577
742,0.3298
743,0.6937
744,0.2882
745,0.9452
746,0.8136
747,0.5501
748,0.4548
749,0.3145
750,0.3233
751,0.9702
752,0.4042
753,0.5146
754,0.9881
755,0.6577
756,0.5426
757,0.4132
758,0.1876
759,0.3618
760,0.7564
761,0.6254
762,0.76
763,0.2036
764,0.5492
765,0.9277
766,0.4381
767,0.6983
768,0.1214
769,0.9731
770,0.6089
771,0.2393
772,0.1584
773,0.5508
774,0.5523
775,0.0932
776,0.9923
777,0.9129
778,0.4614
779,0.1175
780,0.8321
781,0.4984
782,0.7166
783,0.5089
784,0.2734
785,0.8347
786,0.9802
787,0.2437
788,0.5513
789,0.3836
790,0.9219
791,0.5082
792,0.8793
793,0.864
794,0.2762
795,0.79
796,0.4149
797,0.9342
798,0.5077
799,0.8205
800,0.2828
801,0.2986
802,0.5869
803,0.9989
804,0.4896
805,0.1486
806,0.5386
807,0.3451
808,0.5519
809,0.5434
810,0.4553
811,0.3218
812,0.1887
813,0.6975
814,0.5718
815,0.2336
816,0.7755
817,0.0436
818,0.7447
819,0.7052
820,0.8114
821,0.3861
822,0.6637
823,0.8207
824,0.9808
825,0.4953
826,0.037
827,0.5023
828,0.5902
829,0.8697
830,0.8742
831,0.4403
832,0.526
833,0.4569
834,0.7224
835,0.41
836,0.6548
837,0.1544
838,0.4695
839,0.9692
840,0.3386
841,0.6927
842,0.6498
843,0.8518
844,0.8523
845,0.8593
846,0.38
847,0.3167
848,0.7187
849,0.7594
850,0.8724
851,0.0359
852,0.0684
853,0.6312
854,0.9209
855,0.9974
856,0.7468
857,0.434
858,0.0984
859,0.6337
860,0.8726
861,0.4437
862,0.694
863,0.9034
864,0.046
865,0.7961
866,0.2934
867,0.3748
868,0.1456
869,0.5312
870,0.5659
871,0.7925
872,0.17
873,0.079
874,0.8708
875,0.6197
876,0.2408
877,0.9128
878,0.1431
879,0.4611
880,0.254
881,0.2553
882,0.0094
883,0.8046
884,0.9012
885,0.6776
886,0.158
887,0.4417
888,0.3456
889,0.5876
890,0.6389
891,0.4243
892,0.2501
893,0.8453
894,0.1992
895,0.3847
896,0.4832
897,0.2372
898,0.5719
899,0.5748
900,0.9927
901,0.2952
902,0.9779
903,0.6582
904,0.2745
905,0.5659
906,0.6858
907,0.7447
908,0.049
909,0.6064
910,0.4967
911,0.9042
912,0.2862
913,0.7989
914,0.6071
915,0.3523
916,0.6366
917,0.6209
918,0.6778
919,0.7209
920,0.6592
921,0.8383
922,0.6282
923,0.9034
924,0.6463
925,0.3089
926,0.4408
927,0.5796
928,0.7324
929,0.0901
930,0.2951
931,0.7475
932,0.1756
933,0.1322
934,0.5394
935,0.9715
936,0.5309
937,0.9135
938,0.8305
939,0.257
940,0.8247
941,0.4818
942,0.8065
943,0.7466
944,0.3387
945,0.1152
946,0.9629
947,0.1408
948,0.9665
949,0.8601
950,0.7242
951,0.9799
952,0.9673
953,0.8046
954,0.3658
955,0.7907
956,0.0139
957,0.5366
958,0.4548
959,0.6728
960,0.6723
961,0.5846
962,0.8224
963,0.9403
964,0.1083
965,0.2338
966,0.025
967,0.8842
968,0.5614
969,0.9153
970,0.2214
971,0.0632
972,0.8239
973,0.9094
974,0.3022
975,0.4083
976,0.1398
977,0.9463
978,0.3044
979,0.4926
980,0.0972
981,0.8873
982,0.1357
983,0.4536
984,0.6705
985,0.7431
986,0.946
987,0.4191
988,0.7423
989,0.1545
990,0.4149
991,0.099
992,0.4893
993,0.4081
994,0.9515
995,0.0327
996,0.3705
997,0.4434
998,0.9506
999,0.8555
1000,0.0994
1001,0.6857
1002,0.5445
1003,0.9778
1004,0.3587
1005,0.3981
1006,0.1898
1007,0.1222
1008,0.848
1009,0.4547
1010,0.6628
1011,0.6417
1012,0.5971
1013,0.0214
1014,0.7868
1015,0.2436
1016,0.1259
1017,0.5646
1018,0.0686
1019,0.7652
1020,0.2072
1021,0.216
1022,0.8697
1023,0.3286
1024,0.1476
1025,0.9005
1026,0.0028
1027,0.8584
1028,0.1447
1029,0.13
1030,0.2507
1031,0.1745
1032,0.6611
1033,0.0258
1034,0.0149
1035,0.79
1036,0.2379
1037,0.3238
1038,0.1742
1039,0.0524
1040,0.7417
1041,0.5261
1042,0.7457
1043,0.4762
1044,0.778
1045,0.5132
1046,0.1091
1047,0.5038
1048,0.9454
1049,0.0434
1050,0.7832
1051,0.867
1052,0.5215
1053,0.458
1054,0.964
1055,0.0608
1056,0.479
1057,0.4016
1058,0.6861
1059,0.4903
1060,0.9097
1061,0.0735
1062,0.0808
1063,0.6083
1064,0.0657
1065,0.275
1066,0.6331
1067,0.5484
1068,0.3252
1069,0.9946
1070,0.5306
1071,0.4537
1072,0.6054
1073,0.0992
1074,0.7018
1075,0.8528
1076,0.6509
1077,0.769
1078,0.7208
1079,0.215
1080,0.4516
1081,0.2285
1082,0.3389
1083,0.4535
1084,0.416
1085,0.0951
1086,0.4268
1087,0.6651
1088,0.3743
1089,0.1526
1090,0.923
1091,0.0671
1092,0.8318
1093,0.0932
1094,0.0966
1095,0.7388
1096,0.8118
1097,0.5564
1098,0.5865
1099,0.5616
1100,0.3296
1101,0.1222
1102,0.3536
1103,0.6653
1104,0.7503
1105,0.8681
1106,0.7211
1107,0.9684
1108,0.6004
1109,0.3516
1110,0.5779
1111,0.2127
1112,0.6567
1113,0.2242
1114,0.1082
1115,0.8454
1116,0.3676
1117,0.7626
1118,0.5741
1119,0.8072
1120,0.8452
1121,0.9745
1122,0.8184
1123,0.6136
1124,0.6427
1125,0.0263
1126,0.9291
1127,0.8295
1128,0.2674
1129,0.1804
1130,0.7027
1131,0.309
1132,0.3398
1133,0.0061
1134,0.8699
1135,0.5663
1136,0.4008
1137,0.1419
1138,0.6332
1139,0.0307
1140,0.7461
1141,0.2151
1142,0.4198
1143,0.3409
1144,0.3701
1145,0.7216
1146,0.7768
1147,0.5676
1148,0.085
1149,0.0526
1150,0.1574
1151,0.6178
1152,0.674
1153,0.2721
1154,0.6619
1155,0.4857
1156,0.442
1157,0.2732
1158,0.7549
1159,0.1138
1160,0.4299
1161,0.2832
1162,0.6785
1163,0.4866
1164,0.6671
1165,0.0454
1166,0.3953
1167,0.5993
1168,0.0077
1169,0.3014
1170,0.2112
1171,0.1372
1172,0.2555
1173,0.3281
1174,0.0077
1175,0.747
1176,0.1757
1177,0.3802
1178,0.7037
1179,0.5003
1180,0.8334
1181,0.8062
1182,0.0721
1183,0.8618
1184,0.0423
1185,0.0187
1186,0.9212
1187,0.8621
1188,0.5758
1189,0.5734
1190,0.7095
1191,0.4177
1192,0.1152
1193,0.0209
1194,0.3248
1195,0.8013
1196,0.6181
1197,0.832
1198,0.9198
1199,0.0881
1200,0.8445
1201,0.2433
1202,0.5889
1203,0.524
1204,0.3958
1205,0.3103
1206,0.3395
1207,0.3331
1208,0.1681
1209,0.5105
1210,0.114
1211,0.51
1212,0.9059
1213,0.3494
1214,0.7274
1215,0.8189
1216,0.815
1217,0.2363
1218,0.1464
1219,0.1973
1220,0.6024
1221,0.7602
1222,0.6555
1223,0.1771
1224,0.7728
1225,0.4941
1226,0.7544
1227,0.7599
1228,0.4489
1229,0.9242
1230,0.5645
1231,0.6353
1232,0.6245
1233,0.8642
1234,0.6272
1235,0.151
1236,0.0683
1237,0.4422
1238,0.3028
1239,0.2747
1240,0.0562
1241,0.5073
1242,0.3104
1243,0.4519
1244,0.0569
1245,0.8317
1246,0.0767
1247,0.8643
1248,0.8553
1249,0.615
1250,0.5071
1251,0.4627
1252,0.5543
1253,0.7918
1254,0.8959
1255,0.4497
1256,0.8098
1257,0.6518
1258,0.3215
1259,0.4756
1260,0.1509
1261,0.0619
1262,0.1035
1263,0.8991
1264,0.3434
1265,0.7143
1266,0.5045
1267,0.1726
1268,0.2477
1269,0.4378
1270,0.4394
1271,0.5227
1272,0.1587
1273,0.3729
1274,0.2829
1275,0.4088
1276,0.3384
1277,0.5979
1278,0.7892
1279,0.6473
1280,0.0659
1281,0.0945
1282,0.6784
1283,0.2841
1284,0.7237
1285,0.6566
1286,0.9063
1287,0.8733
1288,0.3334
1289,0.5827
1290,0.1414
1291,0.3498
1292,0.9677
1293,0.6985
1294,0.392
1295,0.595
1296,0.938
1297,0.3096
1298,0.3767
1299,0.7917
1300,0.8132
1301,0.6701
1302,0.829
1303,0.7388
1304,0.6854
1305,0.5264
1306,0.646
1307,0.4234
1308,0.3618
1309,0.3626
1310,0.1803
1311,0.2142
1312,0.9477
1313,0.4863
1314,0.2265
1315,0.1376
1316,0.0772
1317,0.8444
1318,0.1011
1319,0.7709
1320,0.8351
1321,0.8837
1322,0.0377
1323,0.3368
1324,0.7663
1325,0.131
1326,0.3767
1327,0.1622
1328,0.8313
1329,0.7711
1330,0.809
1331,0.1655
1332,0.4377
1333,0.4109
1334,0.6764
1335,0.2375
1336,0.4442
1337,0.2849
1338,0.7485
1339,0.4489
1340,0.534
1341,0.3095
1342,0.8086
1343,0.469
1344,0.8351
1345,0.3678
1346,0.9471
1347,0.9844
1348,0.4617
1349,0.2818
1350,0.3819
1351,0.5275
1352,0.9663
1353,0.8169
1354,0.8013
1355,0.1384
1356,0.25
1357,0.6412
1358,0.8741
1359,0.5545
1360,0.1026
1361,0.8459
1362,0.8512
1363,0.2851
1364,0.7631
1365,0.2728
1366,0.9053
1367,0.1473
1368,0.4375
1369,0.9464
1370,0.222
1371,0.4511
1372,0.3496
1373,0.0267
1374,0.0533
1375,0.502
1376,0.2358
1377,0.9945
1378,0.3749
1379,0.0282
1380,0.9308
1381,0.8392
1382,0.65
1383,0.7914
1384,0.1376
1385,0.2869
1386,0.8298
1387,0.6961
1388,0.1388
1389,0.7055
1390,0.4486
1391,0.0053
1392,0.0792
1393,0.2559
1394,0.835
1395,0.5488
1396,0.7272
1397,0.5278
1398,0.1112
1399,0.2881
1400,0.3012
1401,0.0477
1402,0.4198
1403,0.7939
1404,0.4571
1405,0.1109
1406,0.9051
1407,0.5967
1408,0.0164
1409,0.5154
1410,0.2419
1411,0.1436
1412,0.4292
1413,0.6148
1414,0.2406
1415,0.4166
1416,0.6644
1417,0.0856
1418,0.9747
1419,0.0677
1420,0.5261
1421,0.5073
1422,0.9883
1423,0.5542
1424,0.3905
1425,0.4701
1426,0.6357
1427,0.981
1428,0.2537
1429,0.0162
1430,0.7885
1431,0.3448
1432,0.7329
1433,0.6283
1434,0.7715
1435,0.7352
1436,0.3325
1437,0.0443
1438,0.546
1439,0.8135
1440,0.1751
1441,0.7791
1442,0.4646
1443,0.6954
1444,0.6317
1445,0.8115
1446,0.0631
1447,0.7762
1448,0.4577
1449,0.2934
1450,0.0438
1451,0.1995
1452,0.0419
1453,0.9334
1454,0.5154
1455,0.9891
1456,0.543
1457,0.2533
1458,0.7533
1459,0.1911
1460,0.357
1461,0.7808
1462,0.8658
1463,0.3319
1464,0.1245
1465,0.368
1466,0.8895
1467,0.7433
1468,0.8946
1469,0.3866
1470,0.9737
1471,0.4962
1472,0.4975
1473,0.9243
1474,0.5193
1475,0.8011
1476,0.7271
1477,0.0789
1478,0.6025
1479,0.8223
1480,0.5455
1481,0.3212
1482,0.0801
1483,0.6609
1484,0.3065
1485,0.6026
1486,0.4261
1487,0.6898
1488,0.3515
1489,0.0424
1490,0.87
1491,0.3526
1492,0.9982
1493,0.2746
1494,0.98
1495,0.9479
1496,0.075
1497,0.6375
1498,0.3633
1499,0.8011
1500,0.6794
1501,0.9528
1502,0.1428
1503,0.6076
1504,0.7813
1505,0.0348
1506,0.0672
1507,0.7785
1508,0.3663
1509,0.3829
1510,0.5672
1511,0.6051
1512,0.6791
1513,0.9488
1514,0.372
1515,0.7631
1516,0.5739
1517,0.5295
1518,0.398
1519,0.6496
1520,0.2496
1521,0.1134
1522,0.7357
1523,0.499
1524,0.387
1525,0.5617
1526,0.2618
1527,0.2603
1528,0.4463
1529,0.9964
1530,0.2856
1531,0.9165
1532,0.4912
1533,0.1226
1534,0.8528
1535,0.452
1536,0.8987
1537,0.4451
1538,0.0878
1539,0.6819
1540,0.8455
1541,0.3196
1542,0.3474
1543,0.0649
1544,0.5422
1545,0.8913
1546,0.8514
1547,0.7118
1548,0.9273
1549,0.6377
1550,0.7937
1551,0.5088
1552,0.1214
1553,0.201
1554,0.1389
1555,0.7904
1556,0.0263
1557,0.554
1558,0.3689
1559,0.8037
1560,0.5516
1561,0.6119
1562,0.0862
1563,0.3093
1564,0.9996
1565,0.7189
1566,0.5257
1567,0.7692
1568,0.8233
1569,0.0738
1570,0.9724
1571,0.6423
1572,0.45
1573,0.6801
1574,0.3445
1575,0.878
1576,0.7803
1577,0.6398
1578,0.182
1579,0.9663
1580,0.4326
1581,0.9107
1582,0.0554
1583,0.1242
1584,0.153
1585,0.1647
1586,0.3227
1587,0.7093
1588,0.346
1589,0.9409
1590,0.8949
1591,0.8459
1592,0.2506
1593,0.6351
1594,0.5508
1595,0.1252
1596,0.3028
1597,0.5335
1598,0.5026
1599,0.1686
1600,0.9416
1601,0.1542
1602,0.6587
1603,0.7206
1604,0.6051
1605,0.8425
1606,0.5636
1607,0.8252
1608,0.0284
1609,0.0455
1610,0.6415
1611,0.5768
1612,0.6511
1613,0.767
1614,0.4166
1615,0.639
1616,0.498
1617,0.6272
1618,0.2897
1619,0.9567
1620,0.4829
1621,0.8047
1622,0.685
1623,0.2974
1624,0.073
1625,0.0599
1626,0.4396
1627,0.4843
1628,0.204
1629,0.6067
1630,0.3126
1631,0.7184
1632,0.7342
1633,0.8608
1634,0.9754
1635,0.1308
1636,0.3705
1637,0.5617
1638,0.3191
1639,0.4665
1640,0.2675
1641,0.2479
1642,0.0968
1643,0.2902
1644,0.3841
1645,0.6154
1646,0.2483
1647,0.8653
1648,0.1597
1649,0.3274
1650,0.5777
1651,0.3127
1652,0.7631
1653,0.4983
1654,0.5147
1655,0.4988
1656,0.3085
1657,0.0232
1658,0.9452
1659,0.5054
1660,0.9667
1661,0.2151
1662,0.3529
1663,0.0505
1664,0.4949
1665,0.8823
1666,0.6543
1667,0.4706
1668,0.5367
1669,0.8472
1670,0.4309
1671,0.8825
1672,0.7275
1673,0.7639
1674,0.3659
1675,0.4006
1676,0.5703
1677,0.1947
1678,0.5532
1679,0.0735
1680,0.5043
1681,0.7644
1682,0.2797
1683,0.9891
1684,0.6804
1685,0.1188
1686,0.9751
1687,0.3939
1688,0.7949
1689,0.3391
1690,0.9389
1691,0.755
1692,0.1991
1693,0.5091
1694,0.5001
1695,0.0453
1696,0.137
1697,0.333
1698,0.4737
1699,0.457
1700,0.6063
1701,0.5155
1702,0.328
1703,0.6131
1704,0.1625
1705,0.9906
1706,0.7393
1707,0.2992
1708,0.3364
1709,0.8283
1710,0.5323
1711,0.7087
1712,0.2998
1713,0.8157
1714,0.3684
1715,0.6738
1716,0.9799
1717,0.5837
1718,0.7968
1719,0.7253
1720,0.688
1721,0.0266
1722,0.4746
1723,0.9671
1724,0.7829
1725,0.7762
1726,0.5776
1727,0.7214
1728,0.5835
1729,0.1705
1730,0.629
1731,0.6197
1732,0.8412
1733,0.1478
1734,0.6807
1735,0.0316
1736,0.9482
1737,0.1099
1738,0.0189
1739,0.3137
1740,0.1514
1741,0.6905
1742,0.4104
1743,0.775
1744,0.9205
1745,0.8728
1746,0.7358
1747,0.0623
1748,0.1381
1749,0.2073
1750,0.325
1751,0.6622
1752,0.5255
1753,0.3138
1754,0.1732
1755,0.9121
1756,0.3423
1757,0.3543
1758,0.772
1759,0.7209
1760,0.6433
1761,0.6933
1762,0.6101
1763,0.1923
1764,0.2465
1765,0.5581
1766,0.2249
1767,0.9729
1768,0.2976
1769,0.289
1770,0.2073
1771,0.705
1772,0.317
1773,0.3488
1774,0.9337
1775,0.7954
1776,0.2735
1777,0.1219
1778,0.6766
1779,0.3797
1780,0.9802
1781,0.8184
1782,0.9546
1783,0.8046
1784,0.2905
1785,0.2876
1786,0.7141
1787,0.3464
1788,0.4424
1789,0.2564
1790,0.4791
1791,0.2021
1792,0.5386
1793,0.933
1794,0.6962
1795,0.1373
1796,0.6157
1797,0.5868
1798,0.2425
1799,0.6698
1800,0.531
1801,0.6379
1802,0.0525
1803,0.4133
1804,0.7174
1805,0.1005
1806,0.7708
1807,0.0052
1808,0.5504
1809,0.9291
1810,0.4069
1811,0.935
1812,0.8784
1813,0.4774
1814,0.1995
1815,0.9639
1816,0.3212
1817,0.6459
1818,0.9079
1819,0.0895
1820,0.5741
1821,0.5352
1822,0.7231
1823,0.9367
1824,0.9132
1825,0.1751
1826,0.8822
1827,0.1758
1828,0.9196
1829,0.9972
1830,0.397
1831,0.4954
1832,0.9366
1833,0.9621
1834,0.926
1835,0.8767
1836,0.0093
1837,0.568
1838,0.1073
1839,0.983
1840,0.2846
1841,0.9891
1842,0.5433
1843,0.4939
1844,0.9386
1845,0.8511
1846,0.468
1847,0.1928
1848,0.1126
1849,0.1625
1850,0.4589
1851,0.2573
1852,0.1862
1853,0.7366
1854,0.7908
1855,0.5678
1856,0.7573
1857,0.1755
1858,0.8561
1859,0.897
1860,0.827
1861,0.5153
1862,0.0867
1863,0.6693
1864,0.1848
1865,0.1406
1866,0.3236
1867,0.248
1868,0.2608
1869,0.2355
1870,0.7538
1871,0.954
1872,0.3019
1873,0.7229
1874,0.0114
1875,0.6537
1876,0.6928
1877,0.0621
1878,0.1182
1879,0.3068
1880,0.4054
1881,0.5025
1882,0.8951
1883,0.7036
1884,0.311
1885,0.1174
1886,0.9161
1887,0.295
1888,0.6146
1889,0.2191
1890,0.1336
1891,0.1532
1892,0.7477
1893,0.6057
1894,0.4158
1895,0.5492
1896,0.4708
1897,0.5375
1898,0.6641
1899,0.2184
1900,0.2475
1901,0.7547
1902,0.8731
1903,0.0819
1904,0.4467
1905,0.7038
1906,0.0781
1907,0.5642
1908,0.0618
1909,0.5476
1910,0.5055
1911,0.5727
1912,0.1499
1913,0.3281
1914,0.5203
1915,0.1162
1916,0.2054
1917,0.5831
1918,0.0909
1919,0.5104
1920,0.8087
1921,0.4534
1922,0.5132
1923,0.4568
1924,0.0577
1925,0.4624
1926,0.8069
1927,0.7233
1928,0.3959
1929,0.8165
1930,0.7458
1931,0.5783
1932,0.0453
1933,0.3445
1934,0.0638
1935,0.9941
1936,0.9346
1937,0.069
1938,0.9338
1939,0.0317
1940,0.4089
1941,0.769
1942,0.7658
1943,0.9783
1944,0.6459
1945,0.4204
1946,0.9929
1947,0.3825
1948,0.8696
1949,0.9068
1950,0.3756
1951,0.6827
1952,0.6618
1953,0.5393
1954,0.6535
1955,0.3478
1956,0.1785
1957,0.5373
1958,0.5288
1959,0.7279
1960,0.2227
1961,0.0035
1962,0.0227
1963,0.2984
1964,0.6735
1965,0.5444
1966,0.5319
1967,0.8234
1968,0.2475
1969,0.3462
1970,0.2756
1971,0.9374
1972,0.725
1973,0.1128
1974,0.8095
1975,0.4192
1976,0.7661
1977,0.8838
1978,0.0156
1979,0.2061
1980,0.1009
1981,0.0336
1982,0.5978
1983,0.7033
1984,0.0487
1985,0.7405
1986,0.4023
1987,0.2343
1988,0.2173
1989,0.8637
1990,0.0564
1991,0.5039
1992,0.2893
1993,0.8158
1994,0.7315
1995,0.3189
1996,0.5979
1997,0.6725
1998,0.3207
1999,0.3018
2000,0.1433
2001,0.6602
2002,0.221
2003,0.3005
2004,0.061
2005,0.9485
2006,0.8797
2007,0.9116
2008,0.626
2009,0.4272
2010,0.4956
2011,0.9723
2012,0.9416
2013,0.6713
2014,0.7858
2015,0.3187
2016,0.4163
2017,0.1492
2018,0.3765
2019,0.7544
2020,0.4735
2021,0.8493
2022,0.3007
2023,0.7076
2024,0.8058
2025,0.9147
2026,0.5624
2027,0.9678
2028,0.5573
2029,0.1341
2030,0.2429
2031,0.2033
2032,0.6467
2033,0.9222
2034,0.8471
2035,0.0925
2036,0.7246
2037,0.1905
2038,0.2685
2039,0.6737
2040,0.6029
2041,0.8736
2042,0.1882
2043,0.7617
2044,0.7243
2045,0.5589
2046,0.4794
2047,0.8695
2048,0.333
2049,0.957
2050,0.0153
2051,0.9372
2052,0.9621
2053,0.1173
2054,0.9996
2055,0.4789
2056,0.2426
2057,0.6044
2058,0.2045
2059,0.9151
2060,0.5521
2061,0.7755
2062,0.3807
2063,0.5337
2064,0.3593
2065,0.2616
2066,0.5128
2067,0.4973
2068,0.0986
2069,0.9813
2070,0.4695
2071,0.8397
2072,0.9143
2073,0.3707
2074,0.4139
2075,0.5625
2076,0.2213
2077,0.1459
2078,0.2608
2079,0.9348
2080,0.5791
2081,0.4176
2082,0.1524
2083,0.3299
2084,0.3798
2085,0.8334
2086,0.4993
2087,0.6546
2088,0.6848
2089,0.2573
2090,0.8216
2091,0.9665
2092,0.6417
2093,0.4906
2094,0.1682
2095,0.795
2096,0.1693
2097,0.7203
2098,0.4883
2099,0.9169
2100,0.5421
2101,0.6418
2102,0.0587
2103,0.0338
2104,0.8467
2105,0.9452
2106,0.6682
2107,0.7643
2108,0.4124
2109,0.8425
2110,0.2314
2111,0.7072
2112,0.0091
2113,0.5057
2114,0.3732
2115,0.6178
2116,0.6668
2117,0.6165
2118,0.4832
2119,0.4879
2120,0.0066
2121,0.5516
2122,0.0119
2123,0.5294
2124,0.2747
2125,0.9775
2126,0.0171
2127,0.8132
2128,0.674
2129,0.8062
2130,0.9098
2131,0.107
2132,0.0963
2133,0.1489
2134,0.1919
2135,0.5265
2136,0.8152
2137,0.2673
2138,0.3969
2139,0.3731
2140,0.406
2141,0.565
2142,0.9902
2143,0.2259
2144,0.684
2145,0.8479
2146,0.6537
2147,0.8582
2148,0.7596
2149,0.0935
2150,0.3793
2151,0.5527
2152,0.0561
2153,0.0095
2154,0.1714
2155,0.4999
2156,0.4339
2157,0.7844
2158,0.5659
2159,0.858
2160,0.0954
2161,0.5282
2162,0.0426
2163,0.2114
2164,0.8681
2165,0.8876
2166,0.4755
2167,0.0466
2168,0.0743
2169,0.9256
2170,0.8993
2171,0.5635
2172,0.0329
2173,0.9288
2174,0.3145
2175,0.9615
2176,0.587
2177,0.7523
2178,0.7127
2179,0.3983
2180,0.0769
2181,0.1625
2182,0.2405
2183,0.8347
2184,0.3892
2185,0.8965
2186,0.3317
2187,0.7556
2188,0.14
2189,0.9885
2190,0.7242
2191,0.5008
2192,0.9743
2193,0.0537
2194,0.4371
2195,0.8387
2196,0.3406
2197,0.769
2198,0.9549
2199,0.3967
2200,0.7736
2201,0.0296
2202,0.2733
2203,0.9926
2204,0.4906
2205,0.3558
2206,0.9411
2207,0.4318
2208,0.6797
2209,0.6607
2210,0.0857
2211,0.6186
2212,0.7981
2213,0.7131
2214,0.082
2215,0.1542
2216,0.7117
2217,0.6339
2218,0.7397
2219,0.3167
2220,0.1066
2221,0.0052
2222,0.3083
2223,0.3599
2224,0.2698
2225,0.1325
2226,0.1874
2227,0.4488
2228,0.5547
2229,0.408
2230,0.0263
2231,0.3539
2232,0.0931
2233,0.598
2234,0.3244
2235,0.3852
2236,0.2918
2237,0.3878
2238,0.0847
2239,0.9011
2240,0.9052
2241,0.9782
2242,0.572
2243,0.1696
2244,0.3807
2245,0.1388
2246,0.3011
2247,0.4931
2248,0.0633
2249,0.4347
2250,0.4211
2251,0.4842
2252,0.0769
2253,0.2517
2254,0.2466
2255,0.625
2256,0.5938
2257,0.1955
2258,0.107
2259,0.3047
2260,0.9488
2261,0.3322
2262,0.6202
2263,0.8041
2264,0.3295
2265,0.3347
2266,0.8155
2267,0.8595
2268,0.9742
2269,0.1361
2270,0.3207
2271,0.9473
2272,0.2009
2273,0.3142
2274,0.9646
2275,0.9687
2276,0.2914
2277,0.695
2278,0.491
2279,0.5759
2280,0.2424
2281,0.3761
2282,0.8165
2283,0.3929
2284,0.1139
2285,0.5639
2286,0.5922
2287,0.5456
2288,0.6817
2289,0.5501
2290,0.953
2291,0.4616
2292,0.7084
2293,0.4385
2294,0.2913
2295,0.6928
2296,0.819
2297,0.7957
2298,0.4091
2299,0.4993
2300,0.6333
2301,0.242
2302,0.6587
2303,0.7152
2304,0.7891
2305,0.074
2306,0.9907
2307,0.4792
2308,0.4008
2309,0.5066
2310,0.9204
2311,0.6917
2312,0.5436
2313,0.7907
2314,0.3595
2315,0.8955
2316,0.5369
2317,0.6382
2318,0.085
2319,0.769
2320,0.6576
2321,0.355
2322,0.647
2323,0.0443
2324,0.9836
2325,0.6775
2326,0.3996
2327,0.7527
2328,0.9657
2329,0.4305
2330,0.0105
2331,0.2587
2332,0.5107
2333,0.5188
2334,0.5805
2335,0.5752
2336,0.4458
2337,0.3911
2338,0.7723
2339,0.5886
2340,0.5005
2341,0.345
2342,0.0246
2343,0.1045
2344,0.416
2345,0.9617
2346,0.1161
2347,0.9407
2348,0.1417
2349,0.3119
2350,0.4553
2351,0.2069
2352,0.4829
2353,0.4762
2354,0.4382
2355,0.6968
2356,0.3189
2357,0.3003
2358,0.8102
2359,0.1151
2360,0.8492
2361,0.648
2362,0.6771
2363,0.1644
2364,0.9839
2365,0.2439
2366,0.1745
2367,0.1601
2368,0.5598
2369,0.9585
2370,0.2319
2371,0.405
2372,0.1845
2373,0.6405
2374,0.4321
2375,0.0292
2376,0.6141
2377,0.1973
2378,0.5922
2379,0.3888
2380,0.7047
2381,0.2058
2382,0.7523
2383,0.8087
2384,0.0626
2385,0.1018
2386,0.872
2387,0.187
2388,0.326
2389,0.4576
2390,0.2624
2391,0.8626
2392,0.5277
2393,0.6391
2394,0.597
2395,0.6113
2396,0.587
2397,0.3479
2398,0.8455
2399,0.6174
2400,0.8137
2401,0.706
2402,0.2974
2403,0.6145
2404,0.0848
2405,0.1339
2406,0.1179
2407,0.3054
2408,0.183
2409,0.6934
2410,0.5108
2411,0.4182
2412,0.1379
2413,0.3837
2414,0.1858
2415,0.6355
2416,0.6934
2417,0.6453
2418,0.9999
2419,0.5549
2420,0.4896
2421,0.1403
2422,0.3146
2423,0.451
2424,0.0536
2425,0.359
2426,0.0096
2427,0.1365
2428,0.8152
2429,0.9638
2430,0.5054
2431,0.495
2432,0.6847
2433,0.4156
2434,0.8399
2435,0.4887
2436,0.0827
2437,0.0309
2438,0.7611
2439,0.2921
2440,0.2749
2441,0.5376
2442,0.1682
2443,0.4573
2444,0.7425
2445,0.7659
2446,0.5497
2447,0.1132
2448,0.1142
2449,0.7751
2450,0.8233
2451,0.3669
2452,0.8226
2453,0.0416
2454,0.719
2455,0.5464
2456,0.9898
2457,0.1024
2458,0.8301
2459,0.7513
2460,0.2977
2461,0.9993
2462,0.4497
2463,0.3486
2464,0.8167
2465,0.4391
2466,0.994
2467,0.7756
2468,0.2369
2469,0.8107
2470,0.5879
2471,0.3506
2472,0.7108
2473,0.6328
2474,0.166
2475,0.1392
2476,0.2066
2477,0.2069
2478,0.0594
2479,0.3508
2480,0.2811
2481,0.5388
2482,0.3237
2483,0.7041
2484,0.2893
2485,0.2673
2486,0.858
2487,0.9855
2488,0.6793
2489,0.0952
2490,0.9628
2491,0.7857
2492,0.9188
2493,0.9925
2494,0.867
2495,0.1269
2496,0.8661
2497,0.2497
2498,0.7114
2499,0.8285
2500,0.7615
2501,0.6762
2502,0.4895
2503,0.5774
2504,0.2687
2505,0.4142
2506,0.452
2507,0.6336
2508,0.8801
2509,0.0931
2510,0.5156
2511,0.2782
2512,0.9363
2513,0.3691
2514,0.9503
2515,0.3273
2516,0.0025
2517,0.7741
2518,0.7327
2519,0.7309
2520,0.4584
2521,0.6641
2522,0.3582
2523,0.0633
2524,0.5344
2525,0.2178
2526,0.4296
2527,0.2119
2528,0.2685
2529,0.8283
2530,0.3378
2531,0.5779
2532,0.5661
2533,0.4853
2534,0.3437
2535,0.6826
2536,0.0484
2537,0.0996
2538,0.7839
2539,0.4596
2540,0.1242
2541,0.8577
2542,0.4413
2543,0.0007
2544,0.958
2545,0.2023
2546,0.6886
2547,0.1319
2548,0.65
2549,0.159
2550,0.9327
2551,0.274
2552,0.6546
2553,0.2504
2554,0.3718
2555,0.9038
2556,0.1655
2557,0.3963
2558,0.3055
2559,0.6994
2560,0.2341
2561,0.6555
2562,0.7037
2563,0.0011
2564,0.4768
2565,0.1327
2566,0.2262
2567,0.68
2568,0.0093
2569,0.6956
2570,0.8171
2571,0.9882
2572,0.4223
2573,0.1322
2574,0.0708
2575,0.3831
2576,0.7308
2577,0.1024
2578,0.3134
2579,0.881
2580,0.1371
2581,0.7735
2582,0.7532
2583,0.1331
2584,0.9929
2585,0.1429
2586,0.5305
2587,0.0085
2588,0.65
2589,0.4401
2590,0.7224
2591,0.6281
2592,0.1514
2593,0.4117
2594,0.6866
2595,0.86
2596,0.0867
2597,0.1005
2598,0.7524
2599,0.5896
2600,0.384
2601,0.9632
2602,0.3145
2603,0.1398
2604,0.277
2605,0.0842
2606,0.5534
2607,0.6
2608,0.6076
2609,0.779
2610,0.6905
2611,0.8479
2612,0.6584
2613,0.3016
2614,0.5177
2615,0.5095
2616,0.7478
2617,0.2955
2618,0.0546
2619,0.8979
2620,0.9547
2621,0.4949
2622,0.1127
2623,0.4996
2624,0.5939
2625,0.5283
2626,0.9777
2627,0.9869
2628,0.9339
2629,0.132
2630,0.8608
2631,0.5684
2632,0.3654
2633,0.6829
2634,0.7627
2635,0.9545
2636,0.7704
2637,0.0167
2638,0.0675
2639,0.2622
2640,0.0398
2641,0.0605
2642,0.7893
2643,0.5066
2644,0.6286
2645,0.501
2646,0.4154
2647,0.7018
2648,0.0824
2649,0.5366
2650,0.616
2651,0.2775
2652,0.3099
2653,0.5113
2654,0.2032
2655,0.8081
2656,0.5364
2657,0.3907
2658,0.6343
2659,0.8345
2660,0.6811
2661,0.0661
2662,0.6987
2663,0.73
2664,0.8465
2665,0.0579
2666,0.0862
2667,0.4345
2668,0.4534
2669,0.6088
2670,0.3093
2671,0.7417
2672,0.7407
2673,0.1194
2674,0.7079
2675,0.7015
2676,0.1638
2677,0.953
2678,0.523
2679,0.783
2680,0.7208
2681,0.167
2682,0.1269
2683,0.7811
2684,0.2688
2685,0.8864
2686,0.7714
2687,0.0294
2688,0.8071
2689,0.272
2690,0.0639
2691,0.7123
2692,0.5767
2693,0.0771
2694,0.4552
2695,0.3601
2696,0.4996
2697,0.5669
2698,0.3677
2699,0.2551
2700,0.1029
2701,0.5739
2702,0.7228
2703,0.2284
2704,0.5088
2705,0.044
2706,0.8629
2707,0.2446
2708,0.4718
2709,0.383
2710,0.1501
2711,0.9312
2712,0.8575
2713,0.5529
2714,0.9139
2715,0.7407
2716,0.4194
2717,0.3218
2718,0.4163
2719,0.7203
2720,0.2713
2721,0.0779
2722,0.3728
2723,0.502
2724,0.9019
2725,0.1793
2726,0.8043
2727,0.9814
2728,0.9541
2729,0.0689
2730,0.4651
2731,0.2823
2732,0.8448
2733,0.3273
2734,0.5531
2735,0.008
2736,0.2007
2737,0.5638
2738,0.3039
2739,0.6227
2740,0.4639
2741,0.5917
2742,0.4934
2743,0.7726
2744,0.1954
2745,0.9004
2746,0.7605
2747,0.2451
2748,0.0064
2749,0.41
2750,0.233
2751,0.3464
2752,0.8396
2753,0.8772
2754,0.951
2755,0.0015
2756,0.6573
2757,0.849
2758,0.7272
2759,0.1039
2760,0.5298
2761,0.2382
2762,0.492
2763,0.0599
2764,0.997
2765,0.7117
2766,0.093
2767,0.9213
2768,0.8973
2769,0.5198
2770,0.7008
2771,0.3725
2772,0.9746
2773,0.0849
2774,0.0956
2775,0.1335
2776,0.82
2777,0.0748
2778,0.5678
2779,0.435
2780,0.9642
2781,0.2368
2782,0.261
2783,0.315
2784,0.8008
2785,0.7007
2786,0.7354
2787,0.3181
2788,0.272
2789,0.0747
2790,0.2027
2791,0.7799
2792,0.5847
2793,0.1554
2794,0.1644
2795,0.4661
2796,0.4065
2797,0.5359
2798,0.9646
2799,0.2076
2800,0.3083
2801,0.265
2802,0.1199
2803,0.1576
2804,0.6861
2805,0.8264
2806,0.6969
2807,0.0403
2808,0.8359
2809,0.3278
2810,0.0912
2811,0.2482
2812,0.3557
2813,0.5135
2814,0.6772
2815,0.2602
2816,0.9907
2817,0.0311
2818,0.4044
2819,0.4522
2820,0.7481
2821,0.2499
2822,0.462
2823,0.8039
2824,0.1398
2825,0.012
2826,0.8304
2827,0.9826
2828,0.1307
2829,0.8237
2830,0.3722
2831,0.6303
2832,0.6447
2833,0.5823
2834,0.2588
2835,0.8127
2836,0.0218
2837,0.0645
2838,0.9025
2839,0.4434
2840,0.1288
2841,0.9051
2842,0.8294
2843,0.3315
2844,0.0427
2845,0.461
2846,0.168
2847,0.5739
2848,0.8217
2849,0.395
2850,0.0295
2851,0.6832
2852,0.1728
2853,0.2147
2854,0.1872
2855,0.2799
2856,0.8834
2857,0.0346
2858,0.6192
2859,0.2458
2860,0.2951
2861,0.412
2862,0.5507
2863,0.061
2864,0.2798
2865,0.1372
2866,0.1995
2867,0.8847
2868,0.5258
2869,0.6308
2870,0.8022
2871,0.7948
2872,0.9894
2873,0.7819
2874,0.3591
2875,0.5445
2876,0.4847
2877,0.9127
2878,0.5024
2879,0.3884
2880,0.1798
2881,0.3189
2882,0.219
2883,0.8958
2884,0.7785
2885,0.0586
2886,0.9915
2887,0.5294
2888,0.7668
2889,0.9996
2890,0.974
2891,0.1001
2892,0.6569
2893,0.2665
2894,0.8163
2895,0.9173
2896,0.0559
2897,0.9964
2898,0.2194
2899,0.8465
2900,0.7974
2901,0.3548
2902,0.8392
2903,0.8452
2904,0.1761
2905,0.5925
2906,0.8062
2907,0.6976
2908,0.914
2909,0.0282
2910,0.7006
2911,0.9476
2912,0.5636
2913,0.5631
2914,0.1882
2915,0.988
2916,0.8816
2917,0.4922
2918,0.3091
2919,0.4904
2920,0.0903
2921,0.2326
2922,0.2188
2923,0.5264
2924,0.0007
2925,0.9179
2926,0.2015
2927,0.1305
2928,0.7169
2929,0.9188
2930,0.8443
2931,0.3236
2932,0.0219
2933,0.5866
2934,0.9172
2935,0.7744
2936,0.8465
2937,0.8607
2938,0.9606
2939,0.3736
2940,0.9419
2941,0.3956
2942,0.101
2943,0.3018
2944,0.1365
2945,0.1575
2946,0.9487
2947,0.7918
2948,0.9607
2949,0.6492
2950,0.1742
2951,0.9687
2952,0.6936
2953,0.9288
2954,0.787
2955,0.2232
2956,0.589
2957,0.1754
2958,0.3068
2959,0.6885
2960,0.1273
2961,0.7288
2962,0.9488
2963,0.9487
2964,0.3916
2965,0.9943
2966,0.9652
2967,0.0324
2968,0.6024
2969,0.921
2970,0.9675
2971,0.2209
2972,0.5656
2973,0.9367
2974,0.1406
2975,0.7453
2976,0.238
2977,0.9824
2978,0.1679
2979,0.8853
2980,0.0887
2981,0.709
2982,0.6391
2983,0.8867
2984,0.4466
2985,0.2652
2986,0.2495
2987,0.0678
2988,0.2567
2989,0.108
2990,0.0013
2991,0.3859
2992,0.7326
2993,0.9691
2994,0.8846
2995,0.4931
2996,0.3787
2997,0.546
2998,0.1014
2999,0.4795
3000,0.8641
3001,0.651
3002,0.6872
3003,0.1627
3004,0.0737
3005,0.8458
3006,0.2949
3007,0.3187
3008,0.9517
3009,0.0742
3010,0.1701
3011,0.3755
3012,0.732
3013,0.547
3014,0.8981
3015,0.0931
3016,0.594
3017,0.6136
3018,0.4827
3019,0.031
3020,0.9424
3021,0.165
3022,0.8898
3023,0.1571
3024,0.1013
3025,0.2056
3026,0.19
3027,0.6972
3028,0.722
3029,0.73
3030,0.2653
3031,0.2815
3032,0.2375
3033,0.0496
3034,0.5718
3035,0.8399
3036,0.1536
3037,0.3608
3038,0.4276
3039,0.2945
3040,0.662
3041,0.6002
3042,0.1997
3043,0.0257
3044,0.1708
3045,0.2918
3046,0.0819
3047,0.8438
3048,0.3084
3049,0.3975
3050,0.4891
3051,0.661
3052,0.0911
3053,0.5441
3054,0.1849
3055,0.8855
3056,0.3694
3057,0.4458
3058,0.2633
3059,0.4651
3060,0.2262
3061,0.2686
3062,0.0616
3063,0.7522
3064,0.6675
3065,0.0857
3066,0.3438
3067,0.5414
3068,0.9707
3069,0.5897
3070,0.5536
3071,0.8408
3072,0.8184
3073,0.4186
3074,0.5355
3075,0.8669
3076,0.4748
3077,0.8817
3078,0.4763
3079,0.079
3080,0.9028
3081,0.7143
3082,0.5021
3083,0.9005
3084,0.8005
3085,0.6775
3086,0.6203
3087,0.1203
3088,0.7572
3089,0.1729
3090,0.9844
3091,0.9722
3092,0.8085
3093,0.1262
3094,0.4234
3095,0.9883
3096,0.4354
3097,0.9973
3098,0.6272
3099,0.8341
3100,0.2579
3101,0.9108
3102,0.9142
3103,0.067
3104,0.3881
3105,0.3974
3106,0.3261
3107,0.2762
3108,0.4582
3109,0.8735
3110,0.7866
3111,0.6231
3112,0.5226
3113,0.4196
3114,0.4144
3115,0.1482
3116,0.5879
3117,0.7584
3118,0.9396
3119,0.9249
3120,0.5627
3121,0.101
3122,0.2861
3123,0.5356
3124,0.3439
3125,0.4109
3126,0.383
3127,0.4856
3128,0.609
3129,0.0375
3130,0.2754
3131,0.1439
3132,0.6087
3133,0.6937
3134,0.0388
3135,0.8896
3136,0.3315
3137,0.2376
3138,0.7457
3139,0.9208
3140,0.897
3141,0.0202
3142,0.8174
3143,0.3031
3144,0.2803
3145,0.4916
3146,0.6962
3147,0.0982
3148,0.8689
3149,0.1344
3150,0.9742
3151,0.4431
3152,0.8258
3153,0.2694
3154,0.4168
3155,0.6456
3156,0.1879
3157,0.2114
3158,0.824
3159,0.7409
3160,0.7595
3161,0.8672
3162,0.821
3163,0.5153
3164,0.159
3165,0.3111
3166,0.5068
3167,0.1356
3168,0.8513
3169,0.8793
3170,0.0289
3171,0.1928
3172,0.8329
3173,0.837
3174,0.2495
3175,0.4564
3176,0.918
3177,0.7046
3178,0.274
3179,0.8235
3180,0.5051
3181,0.6354
3182,0.1239
3183,0.0306
3184,0.3725
3185,0.594
3186,0.1776
3187,0.8705
3188,0.5869
3189,0.3498
3190,0.1635
3191,0.8945
3192,0.749
3193,0.6889
3194,0.2851
3195,0.3866
3196,0.1629
3197,0.5723
3198,0.9649
3199,0.8571
3200,0.6474
3201,0.6777
3202,0.2691
3203,0.4095
3204,0.0201
3205,0.7803
3206,0.7676
3207,0.0089
3208,0.9115
3209,0.6474
3210,0.6011
3211,0.0085
3212,0.2524
3213,0.8051
3214,0.3055
3215,0.967
3216,0.6427
3217,0.4238
3218,0.3765
3219,0.3487
3220,0.252
3221,0.4667
3222,0.6772
3223,0.8243
3224,0.3972
3225,0.1023
3226,0.5115
3227,0.6624
3228,0.8433
3229,0.3742
3230,0.6473
3231,0.6091
3232,0.2985
3233,0.1081
3234,0.0638
3235,0.9884
3236,0.6406
3237,0.8615
3238,0.2611
3239,0.7111
3240,0.8924
3241,0.2988
3242,0.1499
3243,0.7655
3244,0.8997
3245,0.8054
3246,0.8024
3247,0.6
3248,0.6605
3249,0.6808
3250,0.7213
3251,0.6554
3252,0.9975
3253,0.2594
3254,0.4186
3255,0.3883
3256,0.0353
3257,0.7081
3258,0.572
3259,0.1899
3260,0.7265
3261,0.2224
3262,0.5346
3263,0.7849
3264,0.9065
3265,0.6719
3266,0.5073
3267,0.8454
3268,0.8406
3269,0.8765
3270,0.1811
3271,0.0976
3272,0.1279
3273,0.2587
3274,0.8083
3275,0.7629
3276,0.1831
3277,0.6797
3278,0.3356
3279,0.0893
3280,0.3553
3281,0.7442
3282,0.3071
3283,0.7881
3284,0.3313
3285,0.2606
3286,0.2941
3287,0.8512
3288,0.4705
3289,0.8664
3290,0.5836
3291,0.9443
3292,0.0712
3293,0.8894
3294,0.5005
3295,0.8675
3296,0.3817
3297,0.2984
3298,0.0541
3299,0.8542
3300,0.1374
3301,0.2003
3302,0.4092
3303,0.5694
3304,0.9066
3305,0.4576
3306,0.3164
3307,0.7157
3308,0.7789
3309,0.4876
3310,0.631
3311,0.1768
3312,0.6345
3313,0.0047
3314,0.2735
3315,0.7612
3316,0.1686
3317,0.7645
3318,0.4896
3319,0.7636
3320,0.088
3321,0.6145
3322,0.6335
3323,0.4034
3324,0.9653
3325,0.3833
3326,0.0377
3327,0.1994
3328,0.3731
3329,0.0141
3330,0.3222
3331,0.8332
3332,0.1906
3333,0.6767
3334,0.6267
3335,0.2488
3336,0.6935
3337,0.3443
3338,0.1289
3339,0.3836
3340,0.5887
3341,0.167
3342,0.8238
3343,0.2982
3344,0.2908
3345,0.7278
3346,0.5964
3347,0.3378
3348,0.888
3349,0.9955
3350,0.3427
3351,0.9014
3352,0.3593
3353,0.1884
3354,0.9481
3355,0.9182
3356,0.4034
3357,0.2284
3358,0.7272
3359,0.1312
3360,0.7341
3361,0.5897
3362,0.169
3363,0.3666
3364,0.6505
3365,0.0374
3366,0.8765
3367,0.2558
3368,0.5347
3369,0.0486
3370,0.9947
3371,0.662
3372,0.6536
3373,0.0197
3374,0.6897
3375,0.4168
3376,0.3803
3377,0.5473
3378,0.4744
3379,0.1531
3380,0.6952
3381,0.6303
3382,0.3011
3383,0.6617
3384,0.6625
3385,0.27
3386,0.6056
3387,0.1372
3388,0.8307
3389,0.1049
3390,0.7188
3391,0.1177
3392,0.114
3393,0.1063
3394,0.1986
3395,0.1997
3396,0.263
3397,0.5231
3398,0.2017
3399,0.7034
3400,0.2954
3401,0.0394
3402,0.4964
3403,0.2077
3404,0.9331
3405,0.3306
3406,0.0027
3407,0.6716
3408,0.9069
3409,0.8352
3410,0.669
3411,0.1491
3412,0.0901
3413,0.5117
3414,0.7236
3415,0.1013
3416,0.2559
3417,0.2312
3418,0.9887
3419,0.296
3420,0.4643
3421,0.0998
3422,0.1747
3423,0.0394
3424,0.2906
3425,0.8016
3426,0.3127
3427,0.7385
3428,0.095
3429,0.7582
3430,0.0459
3431,0.852
3432,0.6634
3433,0.1705
3434,0.3575
3435,0.4377
3436,0.6218
3437,0.8785
3438,0.093
3439,0.815
3440,0.1829
3441,0.4008
3442,0.9623
3443,0.2718
3444,0.3857
3445,0.8507
3446,0.7999
3447,0.6488
3448,0.7969
3449,0.1131
3450,0.6962
3451,0.0586
3452,0.9425
3453,0.1594
3454,0.416
3455,0.5908
3456,0.8023
3457,0.6784
3458,0.1813
3459,0.3798
3460,0.3586
3461,0.0288
3462,0.6845
3463,0.8385
3464,0.9734
3465,0.1307
3466,0.9204
3467,0.1129
3468,0.4113
3469,0.046
3470,0.2616
3471,0.3142
3472,0.7046
3473,0.6779
3474,0.7675
3475,0.5766
3476,0.565
3477,0.9779
3478,0.6698
3479,0.3383
3480,0.5231
3481,0.7006
3482,0.0952
3483,0.6617
3484,0.2486
3485,0.3457
3486,0.6763
3487,0.3849
3488,0.839
3489,0.5583